{
  "x": [
    0.285,
    0.5897745064443383,
    0.5897745064443383,
    0.5897849251893172,
    0.5898727949167881,
    0.5898745457065451,
    1.3096595808,
    1.4101133261,
    1.4547909906,
    1.4907015277,
    1.5286006055,
    1.658072854,
    1.7086405208,
    1.757873239,
    2.6396574802,
    2.6396574802,
    5.2863643877,
    5.2863643877,
    6.764863970030248,
    6.764863970030248,
    6.764864127745484,
    7.396299896,
    7.396299896,
    7.9257592157,
    7.9793218371,
    8.0040548089,
    8.0102032505,
    8.0200781779,
    8.0282796085,
    8.0356455084,
    8.0541212507,
    8.549378409608583,
    8.549378409608583,
    8.54937840875943,
    7.311035176243463,
    7.311035176243463,
    7.311035176096023,
    7.311035174917868,
    7.311035174900145,
    5.7281714217,
    5.7281714217,
    5.074466393500792,
    5.074466393500792,
    5.074466393499004,
    3.0589614239,
    3.0589614239,
    1.550875047200089,
    1.550875047200089,
    1.5508750472000805,
    1.5508750472000767,
    1.5508750472000774,
    2.5881960023,
    2.5881960023,
    3.2196398109,
    3.2196398109,
    4.5720643418,
    4.5720643418
  ],
  "y": [
    0.35,
    2.5906217472068143,
    2.5906217472068143,
    2.590635865255745,
    2.5906766405081134,
    2.59067652461699,
    2.132697267,
    2.0688993846,
    2.0432366121,
    2.0286355182,
    2.0189727653,
    2.0043904,
    1.9994448624,
    1.9946046537,
    1.9087109492,
    1.9087109492,
    1.6509272281,
    1.6509272281,
    1.885009674962346,
    1.885009674962346,
    1.885009771380133,
    2.7503426458,
    2.7503426458,
    3.4758715158,
    3.5492842207,
    3.5832622371,
    3.5917028949,
    3.6061668906,
    3.6198271481,
    3.6337289575,
    3.6739920737,
    4.778518236175291,
    4.778518236175291,
    4.778518253994296,
    6.957725722843628,
    6.957725722843628,
    6.957725722950301,
    6.957725723187423,
    6.957725723183289,
    5.7372930811,
    5.7372930811,
    5.23331582160061,
    5.23331582160061,
    5.233315821600093,
    5.4221996575,
    5.4221996575,
    6.5152633155999355,
    6.5152633155999355,
    6.5152633155999515,
    6.515263315600063,
    6.515263315600065,
    7.3796002989,
    7.3796002989,
    7.9059446377,
    7.9059446377,
    8.3571981984,
    8.3571981984
  ],
  "theta": [
    1.5707963267948966,
    0.9350367597518544,
    -0.45332577111304273,
    0.4344697788676495,
    -0.06609720201978418,
    -0.5666641829117108,
    -0.5658272249803651,
    -0.5213819344426893,
    -0.3861799337244095,
    -0.24964152257361627,
    -0.1121566185219487,
    -0.09749035113934403,
    -0.0979979266095323,
    -0.09710263461331299,
    -0.09709166751862594,
    1.5248306667419143,
    0.15702098693218774,
    -0.8571752402307871,
    0.5487167525443647,
    -0.33913496614212146,
    0.9404125179752283,
    0.9403775173917672,
    0.32689169022228565,
    0.9404732341058254,
    0.9415827040890263,
    0.9412425133282639,
    0.9717588453215692,
    1.030092876954351,
    1.0835533887858277,
    1.1405864072545768,
    1.1492830847210675,
    -1.52317807038692,
    0.7310265864247378,
    -1.0540466681081166,
    -0.6263275676138018,
    2.0556835481255185,
    -0.19861175284403254,
    0.229140044519685,
    0.65682390704294,
    0.6567780721663311,
    1.4517264183317056,
    0.28144615796234534,
    -0.6054201229366942,
    -0.09344247338767155,
    -0.6271782389917991,
    1.8940957345095704,
    -1.085174233497428,
    0.7172309735980665,
    -1.5370789512056258,
    1.2120256565243244,
    0.6946830043192446,
    0.6948701981694564,
    -0.2551809573827022,
    0.32204691529576107,
    -0.3789111184056575,
    0.32204691529576107,
    1.0054710748687237
  ]
}
